first_name,last_name,city,country,state,zip,phone1,phone
James,Butt,New Orleans,Orleans,LA,70116,504-621-8927,504-845-1427
Josephine,Darakjy,Brighton,Livingston,MI,48116,810-292-9388,810-374-9840
Art,Venere,Bridgeport,Gloucester,NJ,8014,856-636-8749,856-264-4130
Lenna,Paprocki,Anchorage,Anchorage,AK,99501,907-385-4412,907-921-2010
Donette,Foller,Hamilton,Butler,OH,45011,513-570-1893,513-549-4561
Simona,Morasca,Ashland,Ashland,OH,44805,419-503-2484,419-800-6759
Mitsue,Tollner,Chicago,Cook,IL,60632,773-573-6914,773-924-8565
Leota,Dilliard,San Jose,Santa Clara,CA,95111,408-752-3500,408-813-1105
Sage,Wieser,Sioux Falls,Minnehaha,SD,57105,605-414-2147,605-794-4895
Kris,Marrier,Baltimore,Baltimore City,MD,21224,410-655-8723,410-804-4694
Minna,Amigon,Kulpsville,Montgomery,PA,19443,215-874-1229,215-422-8694
Abel,Maclead,Middle Island,Suffolk,NY,11953,631-335-3414,631-677-3675
Kiley,Caldarera,Los Angeles,Los Angeles,CA,90034,310-498-5651,310-254-3084
Graciela,Ruta,Chagrin Falls,Geauga,OH,44023,440-780-8425,440-579-7763
Cammy,Albares,Laredo,Webb,TX,78045,956-537-6195,956-841-7216
Mattie,Poquette,Phoenix,Maricopa,AZ,85013,602-277-4385,602-953-6360
Meaghan,Garufi,Mc Minnville,Warren,TN,37110,931-313-9635,931-235-7959
Gladys,Rim,Milwaukee,Milwaukee,WI,53207,414-661-9598,414-377-2880
Yuki,Whobrey,Taylor,Wayne,MI,48180,313-288-7937,313-341-4470
Fletcher,Flosi,Rockford,Winnebago,IL,61109,815-828-2147,815-426-5657
Bette,Nicka,Aston,Delaware,PA,19014,610-545-3615,610-492-4643
Veronika,Inouye,San Jose,Santa Clara,CA,95111,408-540-1785,408-813-4592
Willard,Kolmetz,Irving,Dallas,TX,75062,972-303-9197,972-896-4882
Maryann,Royster,Albany,Albany,NY,12204,518-966-7987,518-448-8982
Alisha,Slusarski,Middlesex,Middlesex,NJ,8846,732-658-3154,732-635-3453
Allene,Iturbide,Stevens Point,Portage,WI,54481,715-662-6764,715-530-9863
Chanel,Caudy,Shawnee,Johnson,KS,66218,913-388-2079,913-899-1103
Ezekiel,Chui,Easton,Talbot,MD,21601,410-669-1642,410-235-8738
Willow,Kusko,New York,New York,NY,10011,212-582-4976,212-934-5167
Bernardo,Figeroa,Conroe,Montgomery,TX,77301,936-336-3951,936-597-3614
Ammie,Corrio,Columbus,Franklin,OH,43215,614-801-9788,614-648-3265
Francine,Vocelka,Las Cruces,Dona Ana,NM,88011,505-977-3911,505-335-5293
Ernie,Stenseth,Ridgefield Park,Bergen,NJ,7660,201-709-6245,201-387-9093
Albina,Glick,Dunellen,Middlesex,NJ,8812,732-924-7882,732-782-6701
Alishia,Sergi,New York,New York,NY,10025,212-860-1579,212-753-2740
Solange,Shinko,Metairie,Jefferson,LA,70002,504-979-9175,504-265-8174
Jose,Stockham,New York,New York,NY,10011,212-675-8570,212-569-4233
Rozella,Ostrosky,Camarillo,Ventura,CA,93012,805-832-6163,805-609-1531
Valentine,Gillian,San Antonio,Bexar,TX,78204,210-812-9597,210-300-6244
Kati,Rulapaugh,Abilene,Dickinson,KS,67410,785-463-7829,785-219-7724
Youlanda,Schemmer,Prineville,Crook,OR,97754,541-548-8197,541-993-2611
Dyan,Oldroyd,Overland Park,Johnson,KS,66204,913-413-4604,913-645-8918
Roxane,Campain,Fairbanks,Fairbanks North Star,AK,99708,907-231-4722,907-335-6568
Lavera,Perin,Miami,Miami-Dade,FL,33196,305-606-7291,305-995-2078
Erick,Ferencz,Fairbanks,Fairbanks North Star,AK,99712,907-741-1044,907-227-6777
Fatima,Saylors,Hopkins,Hennepin,MN,55343,952-768-2416,952-479-2375
Jina,Briddick,Boston,Suffolk,MA,2128,617-399-5124,617-997-5771
Kanisha,Waycott,Los Angeles,Los Angeles,CA,90006,323-453-2780,323-315-7314
Emerson,Bowley,Madison,Dane,WI,53711,608-336-7444,608-658-7940
Blair,Malet,Philadelphia,Philadelphia,PA,19132,215-907-9111,215-794-4519
